,,,,,,,,,,,,,,,,,,,,,
,,,,,Categorías,,,,,,,,,,,,,,,,
,,,,,Simple,,,,,,,,,,,,,,,,
,,,,,Base de Datos,,,,,,,,,,,,,,,,
,,,,,,,,,,,,,Prevenció,,,,Complicacions,,,On acudir,
,Enfermedades,Síntomas,Prevención,Tratamiento,,,,,,,,,Mètode,Descripció,,,Complicació,Descripció,,Si creus que pots haver estat exposat a una ITS:,Acudir a un centre de salut sexual.
,Virus del papil·loma humà (VPH),"Lesions a la pell i les mucoses dels genitals, com ara verrues genitals, càncer de coll uterí, càncer de penis i altres càncers genitals","Vacunació, preservatiu, relacions sexuals sense penetració","Vacunació, tractament amb cremes o medicaments orals",,,,,,,,,Utilitzar preservatiu,El preservatiu és l'única manera de prevenir la transmissió de la majoria de les ITS.,,,Esterilitat,"Algunes ITS poden provocar infertilitat, tant en homes com en dones.",,Els centres de salut sexual ofereixen proves i tractament gratuïts o a preu reduït.,
,Chlamydia,"Secrecions vaginals o uretrals, dolor a la micció o al coit, infertilitat","Preservatiu, relacions sexuals sense penetració",Antibiòtics,,,,,,,,,Tenir una única parella sexual,"Si només tens relacions sexuals amb una persona, la probabilitat de contraure una ITS és molt baixa.",,,Càncer,"Algunes ITS, com el VPH, poden provocar càncer de coll uterí, penis, anus i altres parts del cos.",,,
,Gonorrea,"Secrecions vaginals o uretrals, dolor a la micció o al coit, infertilitat","Preservatiu, relacions sexuals sense penetració",Antibiòtics,,,,,,,,,Vacunar-se,La vacuna contra el VPH i l'hepatitis B pot ajudar a prevenir la transmissió d'aquestes infeccions.,,,Malaltia cardíaca,"Algunes ITS, com la sífilis, poden provocar malalties del cor.",,,
,Sifilis,"Lesions a la pell, úlceres a la boca o els genitals, febre, mal de cap, fatiga","Preservatiu, relacions sexuals sense penetració",Antibiòtics,,,,,,,,,Fer-se proves,Fer-se proves de les ITS periòdicament pot ajudar a detectar-les aviat i iniciar el tractament.,,,Malalties del sistema nerviós,"Algunes ITS, com la sífilis, poden provocar malalties del sistema nerviós.",,,
,Tricomoniasis,"Secrecions vaginals, dolor a la micció, prurit vaginal","Preservatiu, relacions sexuals sense penetració",Antibiòtics,,,,,,,,,Comunicar-se amb la parella sexual,"Si creus que pots haver estat exposat a una ITS, és important comunicar-ho a la teva parella sexual.",,,,,,,
,Herpes genital,"Vesicles a la pell o les mucoses dels genitals, dolor a la micció, febre","Preservatiu, relacions sexuals sense penetració","No hi ha tractament curatiu, però els medicaments poden ajudar a controlar els símptomes",,,,,,,,,,,,,,,,,
,Citomegalovirus (CMV),"Símptomes lleus o inexistents, però pot causar infeccions més greus en persones immunodeprimides","Preservatiu, relacions sexuals sense penetració","No hi ha tractament curatiu, però els medicaments poden ajudar a controlar els símptomes",,,,,,,,,,,,,,,,,
,Infecció per clamídia pelvià (PID),"Dolor abdominal, febre, secrecions vaginals, dolor a la micció","Preservatiu, relacions sexuals sense penetració",Antibiòtics,,,,,,,,,,,,,,,,,
,Síndrome de l'herpes tòxic,"Erupció cutània amb ampolles, febre, mal de cap, fatiga","Preservatiu, relacions sexuals sense penetració","No hi ha tractament curatiu, però els medicaments poden ajudar a controlar els símptomes",,,,,,,,,,,,,,,,,
,Linfogranuloma venèric,"Genitosifilis, inflamació dels ganglis limfàtics","Preservatiu, relacions sexuals sense penetració",Antibiòtics,,,,,,,,,,,,,,,,,
,Lèpra,"Lesions a la pell, lesions nervioses, lesions oculars","Preservatiu, relacions sexuals sense penetració",Antibiòtics,,,,,,,,,,,,,,,,,
,Sífilis congènita,"Lesions a la pell, lesions al cervell, lesions als ulls","Vacunació de la mare, preservatiu, relacions sexuals sense penetració",Antibiòtics,,,,,,,,,,,,,,,,,
,Sífilis,"Llagas genitales, dolor de garganta, fiebre, cansancio.","Uso de preservativos, relaciones sexuales monogámicas, pruebas regulares.",Antibióticos.,,,,,,,,,,,,,,,,,
,Gonorrea,"Secreción vaginal o uretral, dolor al orinar.","Uso de preservativos, relaciones sexuales monogámicas, pruebas regulares.",Antibióticos.,,,,,,,,,,Notas,,,,,,,
,Chlamydia,"Secreción vaginal, dolor al orinar, ardor al orinar.","Uso de preservativos, relaciones sexuales monogámicas, pruebas regulares.",Antibióticos.,,,,,,,,,,Nota,Información,,,,,,
,Tricomoniasis,"Secreción vaginal amarillenta o verdosa, picor vaginal, dolor al orinar.","Uso de preservativos, relaciones sexuales monogámicas, pruebas regulares.",Antibióticos.,,,,,,,,,,Vacunación,"Algunas infecciones de transmisión sexual, como la hepatitis B y el VPH, se pueden prevenir mediante la vacunación.",,,,,,
,Herpes genital,"Llagas genitales, dolor al orinar, picor genital.","Uso de preservativos, relaciones sexuales monogámicas.","No hay cura, pero se pueden tratar los síntomas.",,,,,,,,,,Pruebas regulares,"Es importante hacerse pruebas regulares de infecciones de transmisión sexual, incluso si no presentas síntomas.",,,,,,
,VPH,"Verrugas genitales, cambios en las células del cuello uterino.","Uso de preservativos, relaciones sexuales monogámicas, vacunación.","No hay cura, pero se pueden tratar los síntomas.",,,,,,,,,,Relación sexual segura,El uso de preservativos es la forma más eficaz de prevenir la transmisión de infecciones de transmisión sexual.,,,,,,
,Hepatitis B,"Fatiga, náuseas, vómitos, dolor abdominal, ictericia.","Vacunación, uso de preservativos, relaciones sexuales monogámicas.","No hay cura, pero se puede controlar con medicamentos.",,,,,,,,,,,,,,,,,
,Hepatitis C,"Fatiga, náuseas, vómitos, dolor abdominal, ictericia.","Vacunación, uso de preservativos, relaciones sexuales monogámicas.","No hay cura, pero se puede tratar con medicamentos.",,,,,,,,,,,,,,,,,
,VIH,"Fatiga, pérdida de peso, fiebre, sudores nocturnos, diarrea.","Uso de preservativos, relaciones sexuales monogámicas, pruebas regulares.","No hay cura, pero se puede controlar con medicamentos.",,,,,,,,,,,,,,,,,
,,,,,,,,,,,,,,,,,,,,,
,,,,,,,,,,,,,,,,,,,,,
,Nombre,Com funciona?,Quina n’és leficacia real?,Quins canvis pot tenir en la regla?,Com lhe d'utilitzar?,Sino l'utilitzo adequadament o se’m trenca?,Quant de temps tardaré a recuperar la fertilitat?,No I'has d'utilitzar si,Quins efectes adversos puc notar?,Quins possibles avantatges té?,Quins possibles inconvenients té?,Preu,,,,,,,,,
,Preservatius masculins,"Es un método de barrera que evita que el semen u otros fluidos secretados por el pene entren en contacto con la otra persona. Tiene como objetivo evitar embarazos no planificados, la transmisión del VIH y/o otras infecciones de transmisión sexual.","Por cada 100 mujeres que utilizan este método durante un año, 82 no quedan embarazadas.",No se han descrito cambios en la regla.,"- Utiliza solo preservativos homologados por las autoridades sanitarias y la CEE. - Verifica la fecha de caducidad; duran 5 años después de fabricarse. - Guárdalos en lugares frescos y secos para que no se deterioren. - Sigue adecuadamente los pasos para una utilización correcta: - Utiliza un preservativo nuevo en cada relación sexual con penetración. - Coloca un preservativo nuevo en los juguetes sexuales cada vez que se compartan. - Ábrelo con cuidado para no dañarlo con uñas, anillos y/o dientes. - Coloca el preservativo cuando el pene esté erecto, antes de cualquier penetración vaginal, anal u oral. - Presiona la punta del depósito del preservativo y desenrolla el preservativo hasta cubrir completamente el pene. - Se puede lubricar el preservativo, una vez colocado, con productos solubles en agua, ya que los aceites pueden dañar el látex del preservativo. - Después de eyacular, retira el preservativo con el pene aún erecto, sujetando el preservativo por la base. - Comprueba que no se haya roto, átalo y tíralo a la basura, no al inodoro. - No lo utilices junto con el preservativo femenino.","Se puede recurrir a la anticoncepción de emergencia. Los anticonceptivos orales de emergencia son medicamentos que se dispensan en centros de atención primaria, servicios de urgencias de hospitales y/o farmacias. Deben tomarse lo antes posible, con un poco de agua, y es mejor acompañarlos con algún alimento. Como primera opción, existe el levonorgestrel de 1,5 mg. Deben tomarse al mismo tiempo uno o dos comprimidos (según el preparado) en una sola toma, antes de las primeras 72 horas (3 días) después de la relación sexual de riesgo. Otra opción es el comprimido de ulipristal de 30 mg, que debe tomarse antes de las 120 horas (5 días) posteriores al coito, y también, para este periodo, existe la posibilidad de colocar un DIU de cobre.","El preservativo no afecta la fertilidad de la mujer, porque no interfiere en el ciclo ovárico.","- Tienes alergia al material (habitualmente, látex). - Perd si sén dialtres materials, si que el pots utilitzar; por ejemplo, de poliuretano.",- No se conocen.,"- Ofrece doble protección: ante un embarazo no deseado y ante el contagio del VIH u otras infecciones de transmisión sexual. - No requiere receta médica. - Es un método natural, no lleva hormonas. - Tiene un precio asequible. - Es fácil de encontrar en tiendas por Internet, supermercados y/o farmacias. - Tiene diferentes presentaciones, gustos, olores, formas, texturas (acanaladas, estriadas, texturizadas y punteadas), sensaciones, materiales, sustancias añadidas, así como aplicadores, para mejorar su calidad y hacerlos más atractivos, aceptables y agradables.","- Es un método que depende del usuario, por lo que su eficacia depende de su correcto uso. - Hay muchos factores que afectan al uso general y diario de los condones. Se necesita negociación con la pareja y cumplir las normas correctas. La falta de conocimiento o experiencia con los preservativos y/o el consumo de alcohol u otras sustancias favorecen el uso inadecuado y afectan la efectividad. - Puede disminuir el placer sexual en comparación con la ausencia de preservativo.","Hay diferentes modelos y presentaciones; el precio se sitúa cerca de un euro la unidad. Los de látex son más económicos que los de otros materiales, en general.",,,,,,,,,
,Implant contraceptiu subdèrmic,"El progestágeno evita la ovulación y espesa el flujo, dificultando la movilidad de los espermatozoides.","Teòricament, de cada 100 dones, aproximadament 99,95 no es queden embarassades; en la realitat, són 99.","Sagnados entre periodos, irregularidad o ausencia de regla, menor abundancia y frecuencia.",Profesional médico lo inserta en una pequeña intervención sin dolor con anestesia local.,"Puede ser expulsado si está mal colocado o hay infección. Si se mueve, no pierde eficacia pero puede costar más sacarlo.",La fertilidad vuelve rápidamente después de retirarlo.,"Antecedentes de ciertos problemas de salud, consulta médica necesaria en algunos casos.","Dolores de cabeza, cambios en la menstruación, cambios de peso, entre otros.","No requiere atención constante, compatible con la lactancia.","Molestias locales, posible percepción de llevarlo, cicatriz pequeña.","Entre 150 y 200 euros cada unidad (2,5 a 3,3 euros al mes). En algunas comunidades, está financiado.",,,,,,,,,
,Preservatius femenins,"Es un método de barrera que evita que el semen u otros fluidos secretados por el pene entren en contacto con la otra persona. Tiene como objetivo evitar embarazos no planificados, la transmisión del VIH y/o otras infecciones de transmisión sexual.","- Eficacia contraceptiva: Por cada 100 mujeres que utilizan este método durante un año, 79 no quedan embarazadas. - Protección ante infecciones de transmisión sexual: El riesgo de contagio con un uso correcto y sistemático se podría reducir un 97%.",No se han descrito cambios relativos a la regla.,"- Utiliza solo preservativos homologados por las autoridades sanitarias y la CEE. - Verifica la fecha de caducidad; duran 5 años después de fabricarse. - Guárdalos en lugares frescos y secos para que no se deterioren. - Sigue adecuadamente los pasos para una utilización correcta: - Utiliza un preservativo nuevo en cada relación sexual, incluso si la misma persona puede eyacular más de una vez sin retirar el preservativo. - Se puede colocar la mujer, hasta 8 horas antes de la relación sexual. - No lo utilices junto con el preservativo masculino. - Sácalo del paquete y sujeta la funda con el anillo de la parte abierta, colgando hacia abajo. - Estrecha el anillo de la parte de la funda entre los dedos pulgar e índice para introducirlo así en la vagina, tan profundo como sea posible. Se puede empujar el anillo al fondo con el dedo introducido en el interior del preservativo. - Está lubricado por dentro y por fuera con un lubricante de silicona. - No es necesario retirarlo inmediatamente después de la eyaculación. Se retira retorciendo el anillo exterior sobre sí mismo para mantener el semen en el interior. - Lánzalo a la basura, no al inodoro.","Se puede recurrir a la anticoncepción de emergencia. Los anticonceptivos orales de emergencia son medicamentos que se dispensan en centros de atención primaria, servicios de urgencias de hospitales y/o farmacias. Deben tomarse lo antes posible, con un poco de agua, y es mejor si pueden ir acompañados de algún alimento. Como primera opción, hay levonorgestrel de 1,5 mg. Deben tomarse al mismo tiempo uno o dos comprimidos (según el preparado) en una toma única, antes de las primeras 72 horas (3 días) después de la relación sexual de riesgo. Otra opción es el comprimido de ulipristal de 30 mg, que debe tomarse antes de las 120 horas (5 días) posteriores al coito, y también, para este periodo, existe la posibilidad de colocar un DIU de cobre.","El preservativo no afecta la fertilidad de la mujer, porque no interfiere en el ciclo ovárico.",- No se conocen.,"- Ofrece doble protección: ante un embarazo no deseado y ante el contagio del VIH u otras infecciones de transmisión sexual. - Se puede utilizar en las penetraciones vaginales y anales (sin anillo en el fondo). - Facilita que sea la mujer la que inicie la adopción de medidas de protección. - Se puede colocar hasta 8 horas antes de la relación sexual. - Se pueden tener diferentes eyaculaciones con la misma persona sin retirar el preservativo y no es necesario retirarlo inmediatamente después de la eyaculación. - No requiere receta médica. - Es un método natural, no lleva hormonas. - Es más resistente que el preservativo masculino. - Viene lubricado. - No altera la flora bacteriana ni hay descritas reacciones alérgicas. - Ha bajado de precio. - Con los últimos avances en tecnología, tiene diferentes presentaciones, gustos, olores, formas, texturas (acanaladas, estriadas, texturizadas y punteadas), sensaciones, materiales, sustancias añadidas, así como aplicadores, para mejorar su calidad y hacerlo más atractivo, aceptable y agradable.","- Es un método que depende del usuario, por lo que su eficacia depende de su correcto uso. - Puede disminuir el",,,,,,,,,,,
,Dispositiu intrauterí (DIU) hormonal,"Provoca canvis en la mucosa uterina i fa que el fluix sigui més espès, creant una barrera que retarda la mobilitat dels espermatozoides.","Teòricament, de cada 100 dones, aproximadament 99,8 no es queden embarassades; en l’ús real, l’eficàcia és pràcticament la mateixa.",Reducció del dolor i de la quantitat menstrual; algunes dones deixen de menstruar mentre el porten.,El DIU es col·loca en una consulta ginecològica.,"Un 7 de cada 1.000 dones l'expulsen, perdent la seva eficàcia.",La fertilitat es pot recuperar just després de retirar el DIU.,Esmenta una sèrie de condicions mèdiques i circumstàncies específiques on no es recomana el seu ús.,"Efectes com tensió als pits, mal de cap, canvis menstruales, nàusees, entre d’altres.",No requereix atenció constant i podria disminuir el risc de càncer d’endometri.,"Triga uns 7 dies a ser efectiu, pot ser lleugerament dolorós durant la inserció i pot causar molèsties temporals.","Entre 150 i 180 euros per unitat (2,5 a 3 euros al mes).",,,,,,,,,
,Dispositiu intrauterí (DIU) no hormonal,"El dispositivo tiene un filamento de cobre que provoca una reacción inflamatoria local. Esto paraliza los espermatozoides y dificulta la fecundación del óvulo, además de dificultar la implantación en el endometrio.","De cada 100 mujeres que utilizan este método durante un año, aproximadamente 99,2 no quedan embarazadas.",Aumento en la cantidad y duración del flujo menstrual durante el periodo menstrual.,"El dispositivo debe ser colocado y retirado exclusivamente por personal médico especializado. Se requiere una revisión entre las 4 y 12 semanas después de la inserción. Dependiendo del tipo, puede permanecer entre 5 y 10 años, pero puede ser retirado en cualquier momento por un médico.",Se debe acudir a una visita médica para confirmar la situación.,La fertilidad regresa a niveles previos tras la extracción del dispositivo.,Condiciones médicas específicas que podrían interferir con la colocación o retención del dispositivo.,"Dolor durante la colocación, cólicos, dolor de espalda después de la inserción. Periodos menstruales más largos y abundantes.","Método reversible, protección a largo plazo, discreto, no interfiere con el acto sexual, no se ve afectado por vómitos/diarrea o antibióticos comunes, compatible con la lactancia.",Podría no ser adecuado en casos de menstruaciones muy abundantes y no protege contra infecciones de transmisión sexual.,"Entre 30 y 50 euros por unidad. En algunas comunidades, está financiado.",,,,,,,,,
,Vasectomia,"Consiste en cortar los conductos deferentes de los testículos, los cuales transportan los espermatozoides desde los testículos hacia el exterior, evitando su evacuación con el semen durante la eyaculación.","De cada 100 hombres que se someten a este procedimiento, aproximadamente 99,85 pierden la capacidad de embarazar a una mujer.",No se han descrito cambios en relación con la eyaculación o la micción.,Cirugía mínimamente invasiva realizada por un especialista con anestesia local. No requiere hospitalización y la recuperación generalmente dura hasta 2 semanas. Verificación de la efectividad mediante análisis de semen.,"La anticoncepción definitiva se considera permanente e irreversible, por lo que la fertilidad no puede recuperarse.",Enumera condiciones médicas y situaciones específicas en las que no se recomienda el procedimiento.,"En algunos casos, se han descrito hematomas o infecciones en el área de incisión, que suelen resolverse en unos pocos días.","Alta efectividad en anticoncepción masculina, método definitivo, cirugía sencilla y mínimamente invasiva.","Irreversible, no protege contra infecciones de transmisión sexual.","Cubierto por la Seguridad Social. En clínicas privadas, alrededor de 900 euros (precio aproximado).",,,,,,,,,,
,LLigadura de trompes,"Es un procedimiento quirúrgico que liga, bloquea o extirpa las trompas de Falopio, los conductos que conectan los ovarios con el útero. Esto bloquea el paso de los óvulos, impidiendo su contacto con el semen y evitando el embarazo.","De cada 100 mujeres que se someten al procedimiento en un año, aproximadamente 99,5 no quedan embarazadas.",No se han descrito cambios en la menstruación.,"Intervención quirúrgica realizada por un profesional ginecológico, generalmente por laparoscopia, aunque existen otras técnicas. Por lo general, requiere anestesia general. La recuperación varía de 1 a 2 días hasta varias semanas. Efectividad inmediata.","Los métodos anticonceptivos definitivos se consideran permanentes e irreversibles, por lo que la fertilidad no puede recuperarse.",Enumera condiciones y situaciones en las que no se recomienda el procedimiento.,"Aunque la recuperación suele ser rápida y con pocas molestias, se han descrito algunas complicaciones relacionadas con la intervención o la anestesia: dolor abdominal, dorsal o torácico, náuseas, vómitos, hemorragias, hematomas o infección.","Método definitivo que elimina la necesidad de anticoncepción, recuperación postoperatoria generalmente rápida y sin grandes molestias, alta efectividad, reducción del riesgo de cáncer de ovario.","No protege contra infecciones de transmisión sexual, procedimiento definitivo y no reversible.",Este tipo de intervención está cubierto por la Seguridad Social. Algunas clínicas privadas lo realizan por alrededor de 2.000 euros (precio aproximado).,,,,,,,,,,
,Anticoncepció postcoital o d'emergència,"Detiene el proceso de ovulación, dificulta la fecundación del óvulo por los espermatozoides y/o, en caso de que ocurra, evita que el óvulo se implante en el útero.","Se dispensan en diferentes lugares: centros de atención primaria (CAP), unidades de atención a la salud sexual y reproductiva (ASSIR), centros de planificación familiar, hospitales y servicios de urgencias hospitalarios, farmacias.","Indicaciones para su uso en distintas situaciones como relaciones sexuales sin método anticonceptivo, violación sin anticoncepción previa, uso reciente de medicaciones que pueden provocar malformaciones en el feto, entre otros.","Eficacia del levonorgestrel de 1,5 mg disminuye progresivamente dependiendo del tiempo transcurrido desde la relación sexual de riesgo. El acetato de ulipristal de 30 mg y el DIU de cobre son efectivos hasta ciertos días después del coito.",Instrucciones específicas sobre cómo y cuándo tomar los medicamentos o colocar el DIU en función del tipo de anticonceptivo de emergencia utilizado.,"Posibles cambios menstruales tras la toma de los medicamentos o con la inserción del DIU, como sangrado inesperado, adelanto o retraso en la menstruación.","Contraindicaciones y condiciones que impiden la toma o colocación del medicamento, como ciertas enfermedades o alergias.","Efectos secundarios posibles tras la toma de los medicamentos o con el uso del DIU, como retraso en la menstruación, náuseas, vómitos, fatiga, mareos, dolor abdominal, entre otros. En el caso del DIU, molestias en la inserción y reglas abundantes.","Medidas a tomar si se presentan vómitos después de tomar los medicamentos, indicando la necesidad de tomar nuevamente la píldora si ocurre el vómito dentro de las 3 horas posteriores a la administración.",Precio aproximado de 25€ para estos anticonceptivos de emergencia,,,,,,,,,,
,Mètode de Billings o de la fluïdesa del moc cervical,"Se basa en l’observació de signes i símptomes naturals de les fases més fèrtils i menys fèrtils del cicle menstrual, en particular en el cambio del moco cervical.",Entre 86 i 79 dones de cada 100 no se quedan embarazadas.,No afecta la naturaleza del ciclo menstrual ni utiliza sustancias que puedan modificarlo.,"Observar las características del moco cervical durante varios ciclos, registrándolo en un gráfico donde se distinga entre moco poco fértil (f) y moco muy fértil (F). Evitar relaciones sin protección durante los días fértilmente más activos.",Este método no afecta la recuperación de la fertilidad.,"Sin entrenamiento previo, y en situaciones como lactancia, etapa cercana a la menopausia, ciertos medicamentos, estrés o enfermedades.","No se esperan efectos adversos, ya que se basa en la observación de los signos de fertilidad respetando la naturaleza del ciclo de cada mujer.","Favorece el autoconocimiento del ciclo ovárico, no tiene efectos secundarios, implica a la pareja en la anticoncepción y es autónomo y sin costo.","Puede ser difícil cumplir con los períodos de continencia, el moco se altera con el semen y/o lubricantes, y no protege contra infecciones de transmisión sexual.","No tiene un costo económico directo, pero requiere esfuerzo personal y entrenamiento.",,,,,,,,,,
,Mètode simptotèrmic,"Es basa en l’observació de signes i símptomes naturals de les fases més fèrtils i menys fèrtils del cicle menstrual, combinant el mètode del calendari amb el mètode mucotèrmic i la valoració de la posició i consistència del coll de l’úter.",Entre 90 i 98 dones de cada 100 no es queden embarassades.,"Cap, ja que no interfereix gens en la naturalesa del cicle ni utilitza cap substància que el pugui modificar.","1. Identificar el primer dia fèrtil amb el seguiment de la durada dels últims cicles, l'observació del moc cervical i l'autopalpació de la cèrvix. 2. Identificar l’últim dia fèrtil amb la mesura de la temperatura basal. 3. Evitar relacions des del primer fins al darrer dia fèrtil.",Aquest mètode no afecta la recuperació de la fertilitat.,"No fas un entrenament previ, i en situacions com malaltia, febre, infecció vaginal, lactància, etapa propera a la menopausa, treball per torns, estrès, cicles de son interromputs, excés de son, efectes de begudes alcohòliques, viatges freqüents, treball en diferents torns, trastorns ginecològics, i ús de cert medicaments.","Cap, ja que es basa en l’observació dels signes de fertilitat, respectant la naturalesa dels cicles de cada dona.","Afavoreix l’autoconeixement del cicle ovàric, sense efectes secundaris, implica la parella en l’anticoncepció, és autònom i sense cost.","No protegeix davant d’infeccions de transmissió sexual, pot ser complex per períodes d'abstinència llargs. Pot complementar-se amb un mètode de barrera.","Sense cost econòmic, requerint esforç personal per aprendre'l amb ajuda d'assessorament especialitzat.",,,,,,,,,,
,Dispositiu intrauterí (DIU) no hormonal,"El dispositivo lleva un filamento de cobre que genera una reacción inflamatoria local, paraliza los espermatozoides y dificulta la fecundación del óvulo. Por otro lado, empeora el ambiente en el endometrio y dificulta la implantación.","De cada 100 mujeres que usan este método durante un año, 99,2 no quedan embarazadas.","Durante la menstruación, es común que aumente la cantidad de flujo menstrual y su duración.","Se debe colocar y retirar únicamente por personal médico especializado. Se recomienda una revisión entre las 4 y 12 semanas después de la inserción. Dependiendo del tipo de DIU, puede permanecer entre 5 y 10 años, pero se puede extraer en cualquier momento.",Debes acudir a una visita médica para confirmarlo.,La fertilidad vuelve a los niveles previos al extraer el DIU.,"Presentas anomalías uterinas como fibromas que pueden interferir en la colocación o retención del dispositivo, infección pélvica, cáncer de útero o cuello uterino, alergia a algún componente del dispositivo o trastorno que cause acumulación excesiva de cobre.","Dolor durante la colocación del dispositivo, cólicos y dolores de espalda un día después de la inserción, menstruaciones más abundantes y largas, cólicos durante el período menstrual.","Método reversible, protección a largo plazo, discreto, no interfiere en el acto sexual, no se ve afectado por vómitos o diarrea ni por el uso de antibióticos comunes, puede utilizarse durante la lactancia.",Podría no ser adecuado si tienes menstruaciones muy abundantes y no protege contra infecciones de transmisión sexual.,"Entre 30 y 50 euros por unidad. En algunas comunidades, está financiado.",,,,,,,,,
,Anticoncepció postcoital o d'emergència,"Atura el procés d’ovulació, dificulta la fecundació de l’òvul pels espermatozoides i/o, en cas que es produeixi, evita que l’òvul s’implanti a l’úter.","Es dispensen en centres d’atenció primària (CAP), unitats d’atenció a la salut sexual i reproductiva (ASSIR), centres de planificació familiar, hospitals, serveis d’urgències hospitalaris i farmàcies.","Indicat per relacions coitals sense mètode anticonceptiu, violació sense anticoncepció prèvia, ús recent de medicacions que poden provocar malformacions en el fetus, ús incorrecte o altres incidents amb els mètodes naturals, risc d’ejaculació anticipada, fallada de preservatiu, fallades en el compliment o incidències d’ús d’un mètode hormonal, retirada imprevista d’un DIU.","- Levonorgestrel de 1,5 mg: Eficaç dins de les 72 hores, disminueix progressivament l'eficàcia en funció del temps. - Acetat d’ulipristal de 30 mg i DIU de coure: Eficaços fins a 5 dies després del coit.","- Levonorgestrel de 1,5 mg: S'ha de prendre al més aviat possible dins de les 72 hores posteriors al coit. - Acetat d’ulipristal de 30 mg: S'ha de prendre una sola pastilla abans que passin 120 hores (5 dies) des del coit. - DIU de coure: Col·locat per un professional qualificat en un CAP, ASSIR o hospital abans que passin 120 hores (5 dies) des del coit.","Medicaments: Possibles canvis en la data, abundància i durada de la regla. DIU de coure: Pot provocar regles abundants.","- Levonorgestrel de 1,5 mg: Certes malalties i al·lèrgies. - Acetat d’ulipristal de 30 mg: Problemes amb el metabolisme de la lactosa, asma, embaràs i lactància materna. - DIU de coure: Infecció genital o malformació uterina.","- Medicaments: Nàusees, vòmits, fatiga, marejos, dolor abdominal, retards en la regla, trastorns en la sagnada. - DIU de coure: Molèsties en la inserció, regles abundants.","Tornar a prendre el medicament si vomites durant les 3 hores posteriors a l’administració, ja que no s’ha absorbit completament.",25€,,,,,,,,,,
,Dispositiu intrauterí (DIU) hormonal,"Provoca canvis en la mucosa uterina i fa que el fluix sigui més espès, creant una barrera que dificulta la mobilitat dels espermatozoides.","De cada 100 dones que utilitzen aquest mètode durant un any, teòricament 99,8 no es queden embarassades; en l’ús real, l’eficàcia és pràcticament la mateixa.",Fa que les regles siguin menys doloroses i menys abundants. Algunes dones deixen de tenir la regla mentre el porten.,Te’l posen a la consulta ginecològica.,"De cada 1.000 dones, 7 l’expulsen, i a partir d’aquest moment deixa de ser eficaç.",La fertilitat es pot recuperar tot just després de treure el DIU.,"Algunes contraindicacions inclouen haver tingut un fill fa menys de 36 setmanes, avortament amb infecció, ictus, infart de miocardi, coàguls de sang, lupus, migranya amb altres símptomes, càncer de cervix, mama, ovari, anomalia anatòmica en l’úter, risc d'infeccions, VIH, cirrosi hepàtica, tumor al fetge.","Tensió als pits, mal de cap, pèrdua de la regla, quists ovàrics, nàusees, vòmits, canvis d’humor, borrissol, acne, dolor abdominal, pèrdua de pes, entre d’altres.",No cal estar-ne pendent una vegada posat. Podria disminuir el risc de càncer d’endometri.,"Triga uns 7 dies a ser efectiu. Pot ser una mica dolorosa la inserció, encara que és ràpida i es fa a la consulta.","Entre 150 i 180 euros la unitat (entre 2,5 i 3 euros al mes).",,,,,,,,,
,Implant contraceptiu subdèrmic,"El progestagen evita que els ovaris fabriquin òvuls i fa que el fluix sigui més espès, dificultant la mobilitat dels espermatozoides.","De cada 100 dones que utilitzen aquest mètode durant un any, teòricament 99,95 no es queden embarassades; en l’ús real, en són 99.","És probable que tingui petites sagnades vaginals entre regles, regles irregulars o absència de regla durant alguns mesos. També pot ser que la regla sigui menys abundant i freqüent.","Te’l posa el professional de llevadoria o ginecologia a la consulta. Per inserir-lo, cal fer una petita intervenció quirúrgica amb anestèsia local, durant uns 10 minuts, en la cara interna del braç.","Es pot produir l’expulsió si està mal col·locat o si es té una infecció a la pell; però si això passés, te n’adonaries. Pot costar una mica més de treure si es mou, però no perd eficàcia.","L’efecte anticonceptiu desapareix ràpidament després de retirar l’implant, i es pot quedar embarassada com qualsevol dona que no l’hagi portat.","Algunes contraindicacions inclouen haver tingut un ictus, infart de miocardi o coàguls de sang, tenir lupus, migranya amb altres símptomes, càncer de mama, problemes de fetge, sagnada vaginal desconeguda, etc.","Entre els efectes adversos es troben mal de cap, dolor o tensió als pits, augment de pes, irregularitats menstruals, canvis en l’estat d’ànim, acne, quists ovàrics, pressió arterial alta, nàusees, vòmits, picor a la zona de la inserció, entre d’altres.","Una vegada posat, no has d’estar pendent de res. És compatible amb la lactància.","Molèsties locals després de la inserció, discreció en la percepció de portar-lo i una petita cicatriu en l’avantbraç.","Entre 150 i 200 euros la unitat (entre 2,5 i 3,3 euros al mes). Algunes comunitats ofereixen finançament.",,,,,,,,,
,Anticonceptius injectables de progestàgens,"Inhibeix l’ovulació i fa que el flux sigui més espès, creant una barrera que impedeix que els espermatozoides fecundin l’òvul.","Teòricament, per cada 100 dones que utilitzen aquest mètode durant un any, 99,7 no es queden embarassades; en l’ús real, l’eficàcia es redueix a 94 de cada 100.",Pot fer que la regla sigui menys abundant i dolorosa; fins i tot podria ser que es retirés durant un temps.,El personal d’infermeria te l’injecta per via intramuscular.,"Per un dia no passa res, ja que té una durada de 3 mesos. Al cap de 3 mesos s’ha de repetir la injecció, però si es retarda un dia o dos no hi ha risc d’embaràs.","Després de deixar l’anticonceptiu injectable que conté només progestàgens, pots tardar uns mesos a ser fèrtil com abans. Algunes dones poden tardar fins a 9 mesos a recuperar la fertilitat.","Estàs en quarantena (després d’un part), has tingut ictus, infart de miocardi o coàguls de sang als pulmons, tens la tensió arterial alta, tens lupus, migranya amb altres símptomes, etc.","Fins a 70 dones de cada 100 presenten sagnades vaginals irregulars. 20 dones de cada 100 tenen mal de cap, 13 de cada 100 pateixen de marejos i 9 de cada 100 tenen nàusees i/o dolor o tensió en els pits. Després de 3 anys d’ús, 80 dones de cada 100 deixen de tenir la regla, encara que reapareix si es deixa el mètode.",És compatible amb la lactància. No cal preocupar-se per res; solament de posar-se una injecció nova al cap de 3 mesos. Alguns preparats d’aquest mètode poden millorar l’acne o propiciar el creixement del pèl en llocs poc freqüents.,"Els efectes secundaris no es poden aturar de cap manera, ja que el fàrmac s’ha introduït al cos i no es pot retirar.","A partir de 2,50 euros per injecció.",,,,,,,,,
,Anella vaginal amb progestàgens,"Des que es posa fins que es treu, l’anella allibera hormones a la vagina que interfereixen en l’ovulació i fan que el moc cervical sigui més espès, impedint el pas als espermatozoides.","Teòricament, per cada 100 dones que utilitzen aquest mètode durant un any, 98,77 no es queden embarassades.",Pot provocar sagnades irregulars i allargar el temps que triga a venir la regla després d’un part.,S’introdueix a la vagina i l’efecte dura 3 mesos. Es pot utilitzar ininterrompudament durant un any.,"No convé treure l'anella fins que hagin passat 3 mesos. Si necessites treure-la durant més de 2 hores, utilitza un altre mètode anticonceptiu durant els 7 dies següents.","Un cop deixis l’anella, tornes a ser fèrtil com abans.",Encara no hi ha prou evidència científica per identificar amb total seguretat les situacions en les quals se'n desaconsella l’ús.,"Unes 26 dones de cada 100 poden tenir molèsties vaginals, i aproximadament 15 de cada 100 es queixen de sagnades vaginals irregulars.","Pot allargar el temps sense regla després d’un part, ajudant a tractar l’anèmia en alguns casos.",Només està indicada per a dones que donen el pit.,"Aquest mètode no es pot utilitzar a Espanya, ja que encara no hi està comercialitzat.",,,,,,,,,
,Mètode d'Ogino-Knaus o mètode del calendari o del ritme,"Determina el inicio y final del período fértil de la mujer mediante el seguimiento, durante un año, de la duración en días de los últimos 6 a 12 ciclos menstruales.","Por cada 100 mujeres que lo utilizan durante un año, entre 76 y 86 no quedan embarazadas.","No interfiere en la naturaleza del ciclo ni utiliza ninguna sustancia que pueda modificarlo, por lo tanto, no genera cambios en la regla.",- Se realiza un seguimiento durante un año de la duración en días de los últimos 12 ciclos menstruales. - Una vez identificado el ciclo menstrual más corto y el más largo: - Se restan 18 días al ciclo más corto para obtener el primer día fértil. - Se restan 11 días al ciclo más largo para obtener el último día fértil. - Se recomienda evitar las relaciones sexuales sin protección entre el primer y el último día fértil.,"Este método no afecta la recuperación de la fertilidad, ya que se basa en la observación del ciclo y permite, además, usar el conocimiento de los días fértiles para planificar embarazos si así se desea.","- No has recibido un entrenamiento previo que permita conocer bien el método y el funcionamiento de tu organismo. - Tienes ciclos ováricos muy irregulares, ya que puede ser complicado ponerlo en práctica.",- Favorece el autoconocimiento del ciclo ovárico y su funcionamiento. - No tiene efectos secundarios. - Facilita la participación e implicación de la pareja en la anticoncepción. - Es un método autónomo y sin costo.,"- No protege contra infecciones de transmisión sexual. - Puede ser complejo cumplir con los períodos de abstinencia, que en algunas parejas pueden ser muy largos. Sin embargo, este método puede complementarse con un método de barrera.",No tiene más coste que el esfuerzo personal para calcular y abstenerse de tener relaciones sexuales en los días indicados.,,,,,,,,,,,
,Anticonceptius orals amb progestàgens (minipíndoles),"Aquestes hormones eviten que els ovaris fabriquin òvuls i fan que el flux sigui més espès, impedint l’embaràs. També dificulten la mobilitat dels espermatozoides.","Teòricament, de 100 dones que utilitzen aquest mètode durant un any, 99,86 no es queden embarassades; en l’ús real, l’eficàcia es redueix a 91 de cada 100.","Possibilitat de petites sagnades vaginals entre regles, regles irregulars o absència de regla durant alguns mesos (menys de 10 dones de cada 100).",Són pastilles que s’han de prendre cada dia a la mateixa hora.,"- Si el retard no arriba a les 3 hores, pren la píndola quan te’n recordis. No cal prendre altres precaucions. - Per retard de més de 3 hores, segueix instruccions.","Una vegada deixis les pastilles, tornes a ser fèrtil com abans.","Antecedents mèdics específics com ictus, infarts, coàguls, lupus, migranyes amb altres símptomes, càncer de mama recent, problemes de fetge o medicacions específiques.","Inclouen baix risc de coàguls, nàusees, mal de cap, acne, dolor o tensió en els pits, quists ovàrics i erupcions cutànies.",Són compatibles amb la lactància.,Possibilitat de petites sagnades vaginals entre regles.,Entre 4 i 15 euros al mes. Alguns estan finançats.,,,,,,,,,
,Mètode de la lactància materna i amenorrea o MELA,Este método natural se basa en que los altos niveles de prolactina (hormona que se segrega en la lactancia) evitan la ovulación y la aparición de la regla.,"Por cada 100 mujeres que lo utilizan durante un año, entre 90 y 98 no quedan embarazadas, según fuentes consultadas. Sin embargo, varias publicaciones reportan una eficacia muy alta, cercana al 98%.",La madre no debe tener la regla desde el parto.,Se puede seguir este método si se cumplen las siguientes condiciones: - El bebé debe tener menos de 6 meses. - La lactancia materna debe ser exclusiva. - El bebé debe mamar durante al menos 100 minutos diarios (5 veces al día).,Este método no afecta la recuperación de la fertilidad.,"Ninguno, ya que respeta la naturaleza de los ciclos de cada mujer.",- Favorece el autoconocimiento del ciclo ovárico y su funcionamiento. - No tiene efectos secundarios. - Facilita la participación e implicación de la pareja en la anticoncepción. - Es un método autónomo y sin costo.,- Es difícil de cumplir por los estrictos requisitos de lactancia. - La eficacia disminuye a los 3 meses postparto. - No protege contra las infecciones de transmisión sexual.,No tiene más costo que el esfuerzo personal requerido por las condiciones del método.,,,,,,,,,,,
,Anella vaginal,"Aquestes hormones eviten que els ovaris fabriquin òvuls i fan que el fluix sigui més espès, creant una barrera que impedeix la fecundació de l’òvul.","Teòricament, de 100 dones que utilitzen aquest mètode durant un any, 98,77 no es queden embarassades; en l’ús real, l’eficàcia es redueix a 91 de cada 100.",La regla ve cada 28 dies i és menys dolorosa i menys abundant.,"S’ha de portar posada durant 3 setmanes consecutives i retirar-la a la quarta setmana. Després de la setmana de descans, es col·loca de nou i es repeteix el cicle.","Si l’anella es surt i està fora del cos més de 3 hores, cal reemplaçar-la i utilitzar un altre mètode anticonceptiu durant 7 dies.","Una vegada deixis l’anella, tornes a ser fèrtil com abans.","Dones el pit, estàs en quarantena, ets fumadora major de 35 anys, tens antecedents mèdics específics o prens certes medicacions.","Inclouen risc de coàguls, augment de pes, nàusees, problemes a la pell, dolor o tensió als pits, entre altres.","No afectada per vòmits o diarrea, pot ajudar a regular la regla, millora l’acne, fa que les regles siguin menys doloroses i abundants.","Requereix vigilància per a la correcta col·locació, alguns fàrmacs poden alterar-ne l’eficàcia.",Entre 11 i 20 euros al mes.,,,,,,,,,
,Pegat anticonceptiu,"Estas hormonas evitan que los ovarios fabriquen óvulos y hacen que el moco cervical sea más espeso, creando así una barrera que impide que los espermatozoides fecunden el óvulo.","Teóricamente, de cada 100 mujeres que utilizan este método durante un año, 99,7 no quedan embarazadas; en el uso real, la eficacia se reduce a 92 de cada 100. La efectividad del parche puede ser más baja en mujeres con un peso superior a los 90 kg.",La regla viene cada 28 días y es menos dolorosa y menos abundante.,Se debe cambiar el parche cada semana y llevarlo durante 3 semanas consecutivas cada mes. La última semana se descansa y viene la regla.,"1. Si el parche que llevabas se ha despegado o te das cuenta de que te deberías haber puesto el primer parche o cambiado el que llevabas, y aún no han pasado 24 horas, ponte un parche nuevo, incluso puede ser el mismo, en el mismo lugar lo más pronto posible. Puedes estar tranquila, ya que se mantiene la eficacia anticonceptiva. Continúa con los cambios de parche como estaba previsto. 2. Si el parche que llevabas se ha despegado o te das cuenta de que te deberías haber puesto el primer parche o cambiado el que llevabas y han pasado más de 24 horas, pégate un parche nuevo en el mismo lugar y comienza un ciclo nuevo de 4 semanas. Ten cuidado porque, en este caso, se ha perdido la eficacia anticonceptiva, por lo que debes seguir otro método anticonceptivo durante los 7 días siguientes al olvido. Si tienes dudas de cómo actuar, consulta con tu profesional de la salud.","Una vez dejes de colocarte los parches, vuelves a ser fértil como antes.","- Estás dando el pecho. - Estás en cuarentena (después de un parto). - Eres fumadora y tienes más de 35 años. - Alguna vez has tenido un ictus, infarto de miocardio o coágulos de sangre en los pulmones o en las venas de las piernas. - Tienes prevista una operación y debes guardar reposo durante una temporada larga. - Eres hipertensa. - Tienes lupus. - Padeces migraña acompañada de otros síntomas. - Tienes cáncer de mama o lo has tenido en los últimos 5 años. - Tienes una complicación crónica de la diabetes. - Eres diabética desde hace más de 20 años. - Tienes problemas de hígado. - Tienes problemas en la vesícula biliar (consulta médica). - Tomas algún tipo de medicación (consulta médica).","- 10 mujeres de cada 100 tienen náuseas o vómitos. - 25 mujeres de cada 100.000 tienen riesgo de trombosis. - 5 mujeres de cada 100 presentan problemas en la piel como manchas, piel grasa, crecimiento del vello en lugares poco frecuentes o acné. - 7 mujeres de cada 1.000 tardan un tiempo, no más de 6 meses, en tener la regla después de dejar los parches. - 6 mujeres de cada 100 sienten dolor o tensión en los senos. - 2 mujeres de cada 100 padecen alteraciones del estado de ánimo. - 10 mujeres de cada 100 tienen dolor de cabeza y 5 mujeres de cada 100, tensión arterial alta.","- La eficacia no se ve afectada por vómitos o diarrea. - Puede ayudar a regular la regla. - Puede mejorar el acné. - Hace que las reglas sean menos dolorosas y menos abundantes. - Si las reglas son muy abundantes, pueden evitar la anemia.",- Se debe estar muy pendiente de ponerlo y quitarlo cuando toca. - Puede perder eficacia en mujeres obesas. - Puede moverse y despegarse (esto ocurre en una mujer de cada 100). - Algunos fármacos pueden alterar su eficacia.,Entre 15 y 20 euros al mes.,,,,,,,,,
,Mètode de la temperatura basal,"La temperatura corporal oscila entre 36 °C y 36,6 °C. A las 25 horas de la salida del óvulo del ovario, se observa un aumento brusco de la temperatura basal corporal de 0,3 a 0,5 °C, manteniéndose durante tres días, marcando el inicio de la fase infértil del ciclo, que dura hasta el primer día de la menstruación siguiente.","Por cada 100 mujeres que lo usan durante un año, entre 75 y 88 no quedan embarazadas.","Ninguno, ya que no interfiere en la naturaleza del ciclo ni usa sustancias que puedan modificarlo.","- Se debe medir la temperatura basal vía rectal o vaginal a partir del quinto día del ciclo menstrual, siempre a la misma hora y después de un descanso continuado de 6-8 horas. - Se recomienda no tener relaciones sexuales sin protección desde el primer día de la menstruación hasta que la temperatura basal corporal se eleve durante 3 días seguidos (fase fértil).",Este método no afecta la recuperación de la fertilidad.,"- No haces un entrenamiento previo que permita conocer bien el método y el funcionamiento de tu organismo. - Estás en alguna de estas situaciones: enfermedad o fiebre, lactancia o etapa próxima a la menopausia, trabajo por turnos o estrés, entre otros.","No hay, ya que se basa en la observación de los signos de fertilidad, respetando la naturaleza de los ciclos de cada mujer.",- Favorece el autoconocimiento del ciclo ovárico y su funcionamiento. - No tiene efectos secundarios. - Facilita la participación e implicación de la pareja en la anticoncepción. - Es un método autónomo y sin costo.,No protege contra las infecciones de transmisión sexual.,"El termómetro y el esfuerzo personal. Hay termómetros en el mercado que permiten la transmisión automática de datos de temperatura a una aplicación a través de Bluetooth. La aplicación puede generar curvas de temperatura basal y analizar de forma inteligente la menstruación, la ovulación y las fases fértiles.",,,,,,,,,,
,Caputxó cervical,Es un método de barrera que disminuye la posibilidad de que el semen u otros fluidos secretados por el pene penetren en la cavidad uterina. No protege contra las infecciones de transmisión sexual.,"Por cada 100 mujeres que lo utilizan durante un año junto con un espermicida, entre 68 (si ya tienen hijos) y 84 (si nunca los han tenido) no quedan embarazadas. Es más eficaz si la mujer no ha tenido hijos.",No se han descrito cambios en relación con la regla.,"- Requiere orientación profesional sobre el modelo y la talla adecuados (pequeños, medianos y grandes). - Antes de usarlo por primera vez, practica la introducción y verifica su ubicación. - Se puede insertar desde 15 minutos hasta 42 horas antes de la relación sexual. - Para un uso correcto: - Aplica una cucharadita de espermicida y extiéndelo con un dedo por la parte hueca y plana del borde. - Separa los labios con los dedos de una mano e introdúcelo, de modo que el lado que tiene la cúpula y la cinta estén hacia abajo. - Empuja el caputxo hasta el fondo. - Una vez colocado, asegúrate de que el cuello quede cubierto. - No lo retires antes de las 6 horas después de la penetración para permitir que haga efecto el espermicida, y no lo dejes más de 48-72 horas, según el modelo. - Retíralo sujetando suavemente el anillo de la parte delantera. - Al sacarlo, límpialo con jabón neutro y déjalo secar al aire. - Guárdalo en la caja o recipiente habitual hasta un nuevo uso. Verifica, antes de cada uso, que la goma no se haya deteriorado (dura unos 2 años). - Guárdalo en un lugar seco, a una temperatura entre 4 °C y 25°C.","Se puede recurrir a los anticonceptivos de emergencia. Los anticonceptivos orales de emergencia son medicamentos que se dispensan en centros de atención primaria, servicios de urgencias de hospitales y/o farmacias. Deben tomarse lo antes posible, con un poco de agua, y es mejor si van acompañados de un alimento. Como primera opción, hay levonorgestrel de 1,5 mg. Deben tomarse al mismo tiempo uno o dos comprimidos (según el preparado) en una toma única, antes de las primeras 72 horas (3 días) después de la relación sexual de riesgo. Otra opción es el comprimido de ulipristal de 30 mg, que debe tomarse antes de las 120 horas (5 días) posteriores al coito, y también, para este período, existe la posibilidad de que se coloque un DIU de cobre.",El caputxo cervical no afecta la fertilidad de la mujer porque no interfiere en el ciclo ovárico.,"- Tienes alergia a la silicona o al espermicida. - No han pasado al menos 6 meses desde el nacimiento del último hijo. - Hay riesgo de contagio de infecciones de transmisión sexual. - El embarazo es una posibilidad poco o nada asumible en tu situación actual o personal. - Tienes infecciones vaginales o urinarias frecuentes. - Tienes anomalías anatómicas en la vagina o has tenido un prolapso en la zona. - Si estás con la regla o presentas sangrado vaginal. - Si estás con una infección vaginal, del cuello del útero o pélvica. - Si tienes antecedentes de enfermedad inflamatoria pélvica, síndrome de shock tóxico, cáncer de cuello uterino u otros problemas que afecten la estructura del cuello del útero o de la vagina.","- Si se utiliza con mucha frecuencia, el espermicida puede provocar irritaciones en la vagina y aumentar el riesgo de contraer una infección de transmisión sexual. - Si se deja demasiado tiempo, podría producir cambios en el flujo o mal olor. - Se describe un mayor riesgo de infecciones de orina. - Algunas usuarias pueden presentar cambios celulares anormales en el cuello del útero.","- Es un método que depende de la mujer, facilita que sea la mujer la que inicie la adopción de medidas de protección. - Hay diferentes tallas. - No interrumpe la relación sexual. - Es discreto. - No contiene hormonas. - Se puede utilizar durante la lactancia. - Se pueden tener diferentes eyaculaciones con la misma persona sin retirarlo, aunque se recomienda volver a aplicar espermicida, con aplicador, y no es necesario retirarlo inmediatamente después de la eyaculación.","- No protege contra las infecciones de transmisión sexual. - Tiene una eficacia contraceptiva moderada. - Se necesita asesoramiento profesional, por lo que puede retrasarse la utilización por primera vez, una vez decidido el método. - Se debe cambiar el caputxo en caso de embarazo reciente.","Este método no está comercializado en España, pero sí en otros países como Estados Unidos, donde se comercializa como Fem cap. Se puede comprar por Internet y el precio oscila entre los 40 y 60 euros.",,,,,,,,,
,Mètode ciclotèrmic,"Utiliza dos métodos combinados para determinar el inicio del período fértil de la mujer: el seguimiento de la duración en días de los últimos 6 a 12 ciclos menstruales (método de Ogino-Knaus, método del ritmo o método del calendario) y el conocimiento exacto del final del período fértil (método de la temperatura basal).","Por cada 100 mujeres que lo utilizan durante un año, entre 76 y 86 no quedan embarazadas.","Ninguno, ya que no interfiere en absoluto en la naturaleza del ciclo ni utiliza ninguna sustancia que pueda modificarlo.","- Seguimiento de la duración en días de los últimos 6 a 12 ciclos menstruales. - Para reconocer el último día fértil, se utiliza el método de la temperatura basal, midiendo la temperatura basal vía rectal o vaginal a partir del quinto día del ciclo menstrual y siguiendo ciertos criterios hasta determinar el último día fértil.",Este método no afecta la recuperación de la fertilidad.,"- No has realizado un entrenamiento previo que permita conocer bien el método y el funcionamiento de tu organismo. - Estás en alguna de estas situaciones: enfermedad o fiebre, infecciones vaginales, lactancia o etapa próxima a la menopausia, entre otros.","Ninguno, ya que es un método que se basa en la observación de los signos de fertilidad respetando la naturaleza de los ciclos de cada mujer.",- Favorece el autoconocimiento del ciclo ovárico y su funcionamiento. - No tiene efectos secundarios. - Facilita la participación e implicación de la pareja en la anticoncepción. - Es un método autónomo y sin costo.,"No protege contra las infecciones de transmisión sexual. Puede ser complejo de cumplir debido a los períodos de abstinencia, que en algunas parejas pueden ser muy largos. No obstante, este método se puede complementar con un método de barrera.",El termómetro y el esfuerzo personal. Existen termómetros en el mercado que permiten la transmisión automática de los datos de temperatura a una aplicación a través de Bluetooth. La aplicación puede generar curvas de temperatura basal y analizar las fases fértiles de las mujeres,,,,,,,,,,
,Diafragma,Es un método de barrera que disminuye la posibilidad de que el semen u otros fluidos secretados por el pene penetren en la cavidad uterina. No protege contra la transmisión del VIH ni la mayoría de las infecciones de transmisión sexual.,"Por cada 100 mujeres que utilizan este método junto con un espermicida en sus relaciones, 85 mujeres no quedan embarazadas.",No se han descrito cambios relativos a la regla.,"- Se requiere asesoramiento profesional para orientarte sobre el modelo, tamaño adecuado y la forma de utilizarlo. - Antes de usarlo por primera vez, practica cómo introducirlo y verifica su ubicación. - Puede insertarse hasta 6 horas antes de la relación sexual y puede dejarse un máximo de 24 horas, pero no retirarlo antes de las 7 horas después de la penetración para permitir que el espermicida haga efecto. - Colocación: - Aplica una cucharadita de espermicida y extiéndelo con un dedo por toda la cavidad del diafragma. - Separa los labios con los dedos de una mano y con la otra presiona el diafragma entre dos dedos e insértalo profundamente en la vagina. Ajusta con un dedo hasta dejar la parte delantera del anillo detrás del hueso púbico y verifica al mismo tiempo, con el dedo, que el cuello del útero ha quedado protegido. - Retíralo sujetando suavemente la parte delantera del anillo. - Al extraerlo, límpialo con jabón neutro y déjalo secar al aire. - Guárdalo en la caja o recipiente habitual hasta un nuevo uso. Verifica, antes de cada uso, que la goma no se haya deteriorado (dura unos 2 años). - Guárdalo en un lugar seco, con una temperatura entre 4 y 25 °C.","Se puede recurrir a la anticoncepción de emergencia. Los anticonceptivos orales de emergencia son medicamentos que se dispensan en centros de atención primaria, servicios de urgencias de hospitales y/o farmacias. Deben tomarse lo antes posible, con un poco de agua, y es mejor si van acompañados de algún alimento. Como primera opción, hay levonorgestrel de 1,5 mg. Deben tomarse al mismo tiempo uno o dos comprimidos (según el preparado) en una toma única, antes de las primeras 72 horas (3 días) después de la relación sexual de riesgo. Otra opción es el comprimido de ulipristal de 30 mg, que debe tomarse antes de las 120 horas (5 días) posteriores al coito, y también, para este período, existe la posibilidad de que se coloque un DIU de cobre.","El diafragma no afecta la fertilidad de la mujer, ya que no interfiere en el ciclo ovárico.","- Tienes alergia al látex, a la silicona o al espermicida. - No han pasado al menos 6 meses desde el nacimiento del último hijo. - Tienes riesgo de contagio de infecciones de transmisión sexual. - El embarazo es una posibilidad poco o nada asumible en tu situación actual o personal. - Tienes infecciones vaginales o urinarias frecuentes o antecedente de choque séptico. - Tienes anomalías anatómicas en la vagina o el cuello, o has tenido un prolapso en la zona.","- Si se utiliza con mucha frecuencia, el espermicida puede provocar irritaciones en la vagina y aumentar el riesgo de contraer una infección de transmisión sexual. - Si se deja demasiado tiempo, podría producir cambios en el flujo o mal olor. - Se describe un mayor riesgo de infecciones de orina.","- Viene en diferentes tamaños (los diámetros van desde los 50 mm hasta los 105 mm); 75 mm es una medida bastante común. - Tiene un costo bajo. - Facilita que sea la mujer la que inicie la adopción de medidas de protección, una ventaja frente a la reticencia al uso del preservativo. - Es discreto. - No interrumpe la relación sexual. - No contiene hormonas. - Se puede utilizar durante la lactancia. - Se pueden tener diferentes eyaculaciones con la misma persona sin retirarlo, aunque se recomienda volver a aplicar espermicida.","- No protege contra las infecciones de transmisión sexual. - Se necesita asesoramiento profesional para decidir el tamaño y saber cómo utilizarlo, lo que puede retrasar su uso por primera vez, una vez decidido el método. - Es necesario cambiar el diafragma en caso de cirugía pélvica, cambio considerable de peso o embarazo reciente. - La eficacia depende de la colocación y ajuste correctos del dispositivo, por lo que es importante usar la talla adecuada a la anatomía, evitando molestias físicas.","Hay diferentes modelos y presentaciones, y el precio puede variar; se sitúa cerca de los 50 euros.",,,,,,,,,
,Anticonceptius orals combinats,"Estas hormonas evitan que los ovarios fabriquen óvulos y, al no haber óvulos, se impide el embarazo.","Por cada 100 mujeres que utilizan este método durante un año, teóricamente, 99,7 no quedan embarazadas; en el uso real son 91.","Con la mayoría de preparados, la regla viene cada 28 días y es menos dolorosa y menos abundante. Actualmente, también hay preparados que permiten tener menos reglas al año.",Son píldoras que se deben tomar cada día.,"- Si han pasado menos de 12 horas desde la hora de toma habitual, tómala tan pronto como te acuerdes y continúa tomando el resto de píldoras de forma habitual. No es necesario seguir ningún otro procedimiento. - Si han pasado más de 12 horas de la hora de toma habitual, o si te has olvidado dos tomas o más, tómala lo antes posible y luego continúa con el resto de píldoras de forma habitual. Además, debes utilizar un método de barrera durante los 7 días siguientes al olvido.","Una vez dejas las pastillas, vuelves a ser fértil como antes.","- Das el pecho. - Estás en la cuarentena (después de un parto). - Eres fumadora y tienes más de 35 años. - Alguna vez has tenido un ictus, infarto de miocardio o coágulos de sangre en los pulmones o en las venas de las piernas. - Tienes prevista una operación y debes guardar reposo durante un tiempo largo. - Eres hipertensa. - Tienes lupus. - Padeces de migraña acompañada de otros síntomas. - Tienes cáncer de mama o lo has tenido en los últimos 5 años. - Tienes una complicación crónica de la diabetes. - Eres diabética desde hace más de 20 años. - Tienes problemas de hígado. - Tienes problemas en la vesícula biliar (consulta médica). - Tomas algún tipo de medicación (consulta médica).","- En general, la probabilidad de que tengas algún efecto secundario depende de la dosis y el tipo de hormonas que contengan los diferentes preparados. - Entre 5 y 25 mujeres de cada 100.000 tienen riesgo de sufrir una trombosis. - Después de 6 meses de uso, 8 mujeres de cada 100 aumentan su peso en unos 2 kg. - 10 mujeres de cada 100 tienen náuseas o vómitos. - 5 mujeres de cada 100 presentan problemas en la piel como manchas, piel grasa, crecimiento del vello en lugares poco frecuentes o acné. - 7 mujeres de cada 1.000 tardan un tiempo, no más de 6 meses, en tener la regla después de dejar las pastillas. - 6 mujeres de cada 100 tienen dolor o tensión en los senos. - 2 mujeres de cada 100 sufren alteraciones del estado de ánimo. - 10 mujeres de cada 100 tienen dolor de cabeza, y unas 5 de cada 100 tienen presión arterial alta.","- Pueden ayudar a regular la regla. - Algunas pastillas mejoran el acné. - 50 mujeres de cada 100 o más tienen reglas menos abundantes. - Si tienes reglas muy abundantes, pueden evitar que tengas anemia. - Pueden reducir el riesgo de padecer un cáncer de ovario y/o de útero.","- A largo plazo, y si las tomas durante muchos años, pueden aumentar discretamente el riesgo de tener un cáncer de mama, especialmente si se comienzan a tomar antes de los 20 años. - Hay que ser muy constante en las tomas y es fácil que algún día te las puedas olvidar. - Aunque son muy efectivas en condiciones ideales, la eficacia real se ve afectada porque no todas las mujeres que las usan las toman correctamente. - Algunos medicamentos pueden alterar su eficacia.",Entre 4 y 18 euros al mes. Algunas píldoras están totalmente financiadas.,,,,,,,,,
,Mètode mucotèrmic,Utiliza dos métodos combinados para determinar el inicio del período fértil de la mujer: el seguimiento de las características del moco cervical (método de Billings) y el conocimiento exacto del final del período fértil (método de la temperatura basal).,"Por cada 100 mujeres que lo utilizan, entre 75 y 94 no quedan embarazadas.","Ninguno, ya que no interfiere en absoluto en la naturaleza del ciclo ni utiliza ninguna sustancia que pueda modificarlo.","- Observación de las características del moco cervical y registro en un gráfico o esquema. - Uso del método de la temperatura basal para identificar el último día fértil, con registro de temperatura vía rectal o vaginal y seguimiento de criterios específicos para determinar el último día fértil.",Este método no afecta la recuperación de la fertilidad.,"- No has realizado un entrenamiento previo que permita conocer bien el método y el funcionamiento de tu organismo. - Estás en alguna de estas situaciones: enfermedad o fiebre, infección vaginal, lactancia o etapa próxima a la menopausia, entre otros.","Ninguno, ya que es un método que se basa en la observación de los signos de fertilidad respetando la naturaleza de los ciclos de cada mujer.",- Favorece el autoconocimiento del ciclo ovárico y su funcionamiento. - No tiene efectos secundarios. - Facilita la participación e implicación de la pareja en la anticoncepción. - Es un método autónomo y sin costo.,"No protege contra las infecciones de transmisión sexual. Puede ser complejo de cumplir debido a los períodos de abstinencia, que en algunas parejas pueden ser muy largos. No obstante, este método se puede complementar con un método de barrera.","El precio del termómetro. Es un método que requiere esfuerzo personal. Existen termómetros en el mercado que pueden transmitir los datos de temperatura automáticamente a una aplicación mediante Bluetooth, generando curvas de temperatura basal y análisis de fases fértiles.",,,,,,,,,,
,Esponja Vaginal,Actúa como barrera bloqueando la entrada al cuello y/o destruyendo los espermatozoides. No protege contra las infecciones de transmisión sexual.,"Por cada 100 mujeres que la utilizan durante un año junto con un espermicida, entre 76 (si ya tienen hijos) y 88 (si no los tienen) no quedan embarazadas. Es más eficaz si la mujer no ha tenido hijos.",No se han descrito cambios relativos a la regla.,"- Utiliza una esponja nueva cada vez y sigue adecuadamente los pasos para una utilización correcta: - Insértala inmediatamente o hasta 24 horas antes de la relación sexual. - Lávate las manos antes de colocarla. - Una vez fuera del envase, humedece la esponja con agua y escúrrela hasta que esté espumosa. - Desliza la esponja dentro de la vagina, empújala hasta donde te alcancen los dedos. La esponja se desdobla y cubre el cuello del útero una vez se suelta. - Una vez colocada la esponja, se pueden mantener relaciones sexuales durante las siguientes 24 horas. - Para retirarla, lávate las manos e introduce un dedo en la vagina y, cuando llegues a la cinta, tira de ella poco a poco hacia afuera. - Desecha la esponja usada en la basura.","Se puede recurrir a la anticoncepción de emergencia. Los anticonceptivos orales de emergencia son medicamentos que se dispensan en centros de atención primaria, servicios de urgencias de hospitales y/o farmacias. Deben tomarse lo antes posible, con un poco de agua, y es mejor si pueden ir acompañados de un alimento. Como primera opción, hay levonorgestrel de 1,5 mg. Deben tomarse al mismo tiempo uno o dos comprimidos (según el preparado) en una toma única, antes de las primeras 72 horas (3 días) después de la relación sexual de riesgo. Otra opción es el comprimido de ulipristal de 30 mg, que se debe tomar antes de las 120 horas (5 días) posteriores al coito, y también, para este período, existe la posibilidad de que se coloque un DIU de cobre.",No afecta la fertilidad de la mujer porque no interfiere en el ciclo ovárico.,"- Tienes alergia al espermicida (nonoxinol-9) o al poliuretano. - Padeces infecciones de orina frecuentes. - Presentas una infección vaginal. - Te han diagnosticado síndrome de shock tóxico alguna vez. - En los últimos 6 meses, has tenido un hijo o has sufrido un aborto. - Estás con la menstruación. - Hay riesgo de contraer una infección de transmisión sexual. - Tienes claro que un embarazo no entra en tus planes.",- Puede provocar dolor o irritación vaginal (por efecto del espermicida). - Aumenta el riesgo de padecer una infección urinaria o vaginal. - Aumenta el riesgo de padecer el síndrome de shock tóxico.,"- No necesita receta médica. - Es un método natural, no contiene hormonas. - No interrumpe la relación sexual. - Se encuentra en tiendas por Internet, farmacias y/o parafarmacias. - Es fácil de usar y ni la mujer ni la pareja la sienten una vez colocada durante la relación sexual. - Puede ser una alternativa anticonceptiva durante la lactancia.","- Es un método que depende del usuario, por lo que la eficacia depende del uso correcto y algunas mujeres pueden tener dificultades para colocársela. - No protege contra las enfermedades de transmisión sexual e incluso puede aumentar el riesgo de contraerlas, ya que el espermicida que contiene puede irritar la vagina y facilitar la entrada de gérmenes.","Hay diferentes modelos y presentaciones, y el precio se sitúa cerca de los 5 euros por unidad.",,,,,,,,,
,,,,,,,,,,,,,,,,,,,,,
,,,,,,,,,,,,,,,,,,,,,
,,,,,,,,,,,,,,,,,,,,,
,,,,,,,,,,,,,,,,,,,,,
,,,,,,,,,,,,,,,,,,,,,
,,,,,,,,,,,,,,,,,,,,,
,,,,,,,,,,,,,,,,,,,,,
,,,,,,,,,,,,,,,,,,,,,
,,,,,,,,,,,,,,,,,,,,,
,,,,,,,,,,,,,,,,,,,,,
,,,,,,,,,,,,,,,,,,,,,
,,,,,,,,,,,,,,,,,,,,,
,,,,,,,,,,,,,,,,,,,,,
,,,,,,,,,,,,,,,,,,,,,
,,,,,,,,,,,,,,,,,,,,,
,,,,,,,,,,,,,,,,,,,,,
,,,,,,,,,,,,,,,,,,,,,
,,,,,,,,,,,,,,,,,,,,,
,,,,,,,,,,,,,,,,,,,,,
,,,,,,,,,,,,,,,,,,,,,
,,,,,,,,,,,,,,,,,,,,,
,,,,,,,,,,,,,,,,,,,,,
,,,,,,,,,,,,,,,,,,,,,
,,,,,,,,,,,,,,,,,,,,,
,,,,,,,,,,,,,,,,,,,,,
,,,,,,,,,,,,,,,,,,,,,
,,,,,,,,,,,,,,,,,,,,,
,,,,,,,,,,,,,,,,,,,,,
,,,,,,,,,,,,,,,,,,,,,
,,,,,,,,,,,,,,,,,,,,,
,,,,,,,,,,,,,,,,,,,,,
,,,,,,,,,,,,,,,,,,,,,
,,,,,,,,,,,,,,,,,,,,,
,,,,,,,,,,,,,,,,,,,,,
,,,,,,,,,,,,,,,,,,,,,
,,,,,,,,,,,,,,,,,,,,,
,,,,,,,,,,,,,,,,,,,,,
,,,,,,,,,,,,,,,,,,,,,
,,,,,,,,,,,,,,,,,,,,,
,,,,,,,,,,,,,,,,,,,,,
,,,,,,,,,,,,,,,,,,,,,
,,,,,,,,,,,,,,,,,,,,,
,,,,,,,,,,,,,,,,,,,,,
,,,,,,,,,,,,,,,,,,,,,
,,,,,,,,,,,,,,,,,,,,,
,,,,,,,,,,,,,,,,,,,,,
,,,,,,,,,,,,,,,,,,,,,
,,,,,,,,,,,,,,,,,,,,,
,,,,,,,,,,,,,,,,,,,,,
,,,,,,,,,,,,,,,,,,,,,
,,,,,,,,,,,,,,,,,,,,,
,,,,,,,,,,,,,,,,,,,,,
,,,,,,,,,,,,,,,,,,,,,
,,,,,,,,,,,,,,,,,,,,,
,,,,,,,,,,,,,,,,,,,,,
,,,,,,,,,,,,,,,,,,,,,
,,,,,,,,,,,,,,,,,,,,,
,,,,,,,,,,,,,,,,,,,,,
,,,,,,,,,,,,,,,,,,,,,
,,,,,,,,,,,,,,,,,,,,,
,,,,,,,,,,,,,,,,,,,,,
,,,,,,,,,,,,,,,,,,,,,
,,,,,,,,,,,,,,,,,,,,,
,,,,,,,,,,,,,,,,,,,,,
,,,,,,,,,,,,,,,,,,,,,
,,,,,,,,,,,,,,,,,,,,,
,,,,,,,,,,,,,,,,,,,,,
,,,,,,,,,,,,,,,,,,,,,
,,,,,,,,,,,,,,,,,,,,,
,,,,,,,,,,,,,,,,,,,,,
,,,,,,,,,,,,,,,,,,,,,
,,,,,,,,,,,,,,,,,,,,,
,,,,,,,,,,,,,,,,,,,,,
,,,,,,,,,,,,,,,,,,,,,
,,,,,,,,,,,,,,,,,,,,,
,,,,,,,,,,,,,,,,,,,,,
,,,,,,,,,,,,,,,,,,,,,
,,,,,,,,,,,,,,,,,,,,,
,,,,,,,,,,,,,,,,,,,,,
,,,,,,,,,,,,,,,,,,,,,
,,,,,,,,,,,,,,,,,,,,,
,,,,,,,,,,,,,,,,,,,,,
,,,,,,,,,,,,,,,,,,,,,
,,,,,,,,,,,,,,,,,,,,,
,,,,,,,,,,,,,,,,,,,,,
,,,,,,,,,,,,,,,,,,,,,
,,,,,,,,,,,,,,,,,,,,,
,,,,,,,,,,,,,,,,,,,,,
,,,,,,,,,,,,,,,,,,,,,
,,,,,,,,,,,,,,,,,,,,,
,,,,,,,,,,,,,,,,,,,,,
,,,,,,,,,,,,,,,,,,,,,
,,,,,,,,,,,,,,,,,,,,,
,,,,,,,,,,,,,,,,,,,,,
,,,,,,,,,,,,,,,,,,,,,
,,,,,,,,,,,,,,,,,,,,,
,,,,,,,,,,,,,,,,,,,,,
,,,,,,,,,,,,,,,,,,,,,
,,,,,,,,,,,,,,,,,,,,,
,,,,,,,,,,,,,,,,,,,,,
,,,,,,,,,,,,,,,,,,,,,
,,,,,,,,,,,,,,,,,,,,,
,,,,,,,,,,,,,,,,,,,,,
,,,,,,,,,,,,,,,,,,,,,
,,,,,,,,,,,,,,,,,,,,,
,,,,,,,,,,,,,,,,,,,,,
,,,,,,,,,,,,,,,,,,,,,
,,,,,,,,,,,,,,,,,,,,,
,,,,,,,,,,,,,,,,,,,,,
,,,,,,,,,,,,,,,,,,,,,
,,,,,,,,,,,,,,,,,,,,,
,,,,,,,,,,,,,,,,,,,,,
,,,,,,,,,,,,,,,,,,,,,
,,,,,,,,,,,,,,,,,,,,,
,,,,,,,,,,,,,,,,,,,,,
,,,,,,,,,,,,,,,,,,,,,
,,,,,,,,,,,,,,,,,,,,,
,,,,,,,,,,,,,,,,,,,,,
,,,,,,,,,,,,,,,,,,,,,
,,,,,,,,,,,,,,,,,,,,,
,,,,,,,,,,,,,,,,,,,,,
,,,,,,,,,,,,,,,,,,,,,
,,,,,,,,,,,,,,,,,,,,,
,,,,,,,,,,,,,,,,,,,,,
,,,,,,,,,,,,,,,,,,,,,
,,,,,,,,,,,,,,,,,,,,,
,,,,,,,,,,,,,,,,,,,,,
,,,,,,,,,,,,,,,,,,,,,
,,,,,,,,,,,,,,,,,,,,,
,,,,,,,,,,,,,,,,,,,,,
,,,,,,,,,,,,,,,,,,,,,
,,,,,,,,,,,,,,,,,,,,,
,,,,,,,,,,,,,,,,,,,,,
,,,,,,,,,,,,,,,,,,,,,
,,,,,,,,,,,,,,,,,,,,,
,,,,,,,,,,,,,,,,,,,,,
,,,,,,,,,,,,,,,,,,,,,
,,,,,,,,,,,,,,,,,,,,,
,,,,,,,,,,,,,,,,,,,,,
,,,,,,,,,,,,,,,,,,,,,
,,,,,,,,,,,,,,,,,,,,,
,,,,,,,,,,,,,,,,,,,,,
,,,,,,,,,,,,,,,,,,,,,
,,,,,,,,,,,,,,,,,,,,,
,,,,,,,,,,,,,,,,,,,,,
,,,,,,,,,,,,,,,,,,,,,
,,,,,,,,,,,,,,,,,,,,,
,,,,,,,,,,,,,,,,,,,,,
,,,,,,,,,,,,,,,,,,,,,
,,,,,,,,,,,,,,,,,,,,,
,,,,,,,,,,,,,,,,,,,,,
,,,,,,,,,,,,,,,,,,,,,
,,,,,,,,,,,,,,,,,,,,,
,,,,,,,,,,,,,,,,,,,,,
,,,,,,,,,,,,,,,,,,,,,
,,,,,,,,,,,,,,,,,,,,,
,,,,,,,,,,,,,,,,,,,,,
,,,,,,,,,,,,,,,,,,,,,
,,,,,,,,,,,,,,,,,,,,,
,,,,,,,,,,,,,,,,,,,,,
,,,,,,,,,,,,,,,,,,,,,
,,,,,,,,,,,,,,,,,,,,,
,,,,,,,,,,,,,,,,,,,,,
,,,,,,,,,,,,,,,,,,,,,
,,,,,,,,,,,,,,,,,,,,,
,,,,,,,,,,,,,,,,,,,,,
,,,,,,,,,,,,,,,,,,,,,
,,,,,,,,,,,,,,,,,,,,,
,,,,,,,,,,,,,,,,,,,,,
,,,,,,,,,,,,,,,,,,,,,
,,,,,,,,,,,,,,,,,,,,,
,,,,,,,,,,,,,,,,,,,,,
,,,,,,,,,,,,,,,,,,,,,
,,,,,,,,,,,,,,,,,,,,,
,,,,,,,,,,,,,,,,,,,,,
,,,,,,,,,,,,,,,,,,,,,
,,,,,,,,,,,,,,,,,,,,,
,,,,,,,,,,,,,,,,,,,,,
,,,,,,,,,,,,,,,,,,,,,
,,,,,,,,,,,,,,,,,,,,,
,,,,,,,,,,,,,,,,,,,,,
,,,,,,,,,,,,,,,,,,,,,
,,,,,,,,,,,,,,,,,,,,,
,,,,,,,,,,,,,,,,,,,,,
,,,,,,,,,,,,,,,,,,,,,
,,,,,,,,,,,,,,,,,,,,,
,,,,,,,,,,,,,,,,,,,,,
,,,,,,,,,,,,,,,,,,,,,
,,,,,,,,,,,,,,,,,,,,,
,,,,,,,,,,,,,,,,,,,,,
,,,,,,,,,,,,,,,,,,,,,
,,,,,,,,,,,,,,,,,,,,,
,,,,,,,,,,,,,,,,,,,,,
,,,,,,,,,,,,,,,,,,,,,
,,,,,,,,,,,,,,,,,,,,,
,,,,,,,,,,,,,,,,,,,,,
,,,,,,,,,,,,,,,,,,,,,
,,,,,,,,,,,,,,,,,,,,,
,,,,,,,,,,,,,,,,,,,,,
,,,,,,,,,,,,,,,,,,,,,
,,,,,,,,,,,,,,,,,,,,,
,,,,,,,,,,,,,,,,,,,,,
,,,,,,,,,,,,,,,,,,,,,
,,,,,,,,,,,,,,,,,,,,,
,,,,,,,,,,,,,,,,,,,,,
,,,,,,,,,,,,,,,,,,,,,
,,,,,,,,,,,,,,,,,,,,,
,,,,,,,,,,,,,,,,,,,,,
,,,,,,,,,,,,,,,,,,,,,
,,,,,,,,,,,,,,,,,,,,,
,,,,,,,,,,,,,,,,,,,,,
,,,,,,,,,,,,,,,,,,,,,
,,,,,,,,,,,,,,,,,,,,,
,,,,,,,,,,,,,,,,,,,,,
,,,,,,,,,,,,,,,,,,,,,
,,,,,,,,,,,,,,,,,,,,,
,,,,,,,,,,,,,,,,,,,,,
,,,,,,,,,,,,,,,,,,,,,
,,,,,,,,,,,,,,,,,,,,,
,,,,,,,,,,,,,,,,,,,,,
,,,,,,,,,,,,,,,,,,,,,
,,,,,,,,,,,,,,,,,,,,,
,,,,,,,,,,,,,,,,,,,,,
,,,,,,,,,,,,,,,,,,,,,
,,,,,,,,,,,,,,,,,,,,,
,,,,,,,,,,,,,,,,,,,,,
,,,,,,,,,,,,,,,,,,,,,
,,,,,,,,,,,,,,,,,,,,,
,,,,,,,,,,,,,,,,,,,,,
,,,,,,,,,,,,,,,,,,,,,
,,,,,,,,,,,,,,,,,,,,,
,,,,,,,,,,,,,,,,,,,,,
,,,,,,,,,,,,,,,,,,,,,
,,,,,,,,,,,,,,,,,,,,,
,,,,,,,,,,,,,,,,,,,,,
,,,,,,,,,,,,,,,,,,,,,
,,,,,,,,,,,,,,,,,,,,,
,,,,,,,,,,,,,,,,,,,,,
,,,,,,,,,,,,,,,,,,,,,
,,,,,,,,,,,,,,,,,,,,,
,,,,,,,,,,,,,,,,,,,,,
,,,,,,,,,,,,,,,,,,,,,
,,,,,,,,,,,,,,,,,,,,,
,,,,,,,,,,,,,,,,,,,,,
,,,,,,,,,,,,,,,,,,,,,
,,,,,,,,,,,,,,,,,,,,,
,,,,,,,,,,,,,,,,,,,,,
,,,,,,,,,,,,,,,,,,,,,
,,,,,,,,,,,,,,,,,,,,,
,,,,,,,,,,,,,,,,,,,,,
,,,,,,,,,,,,,,,,,,,,,
,,,,,,,,,,,,,,,,,,,,,
,,,,,,,,,,,,,,,,,,,,,
,,,,,,,,,,,,,,,,,,,,,
,,,,,,,,,,,,,,,,,,,,,
,,,,,,,,,,,,,,,,,,,,,
,,,,,,,,,,,,,,,,,,,,,
,,,,,,,,,,,,,,,,,,,,,
,,,,,,,,,,,,,,,,,,,,,
,,,,,,,,,,,,,,,,,,,,,
,,,,,,,,,,,,,,,,,,,,,
,,,,,,,,,,,,,,,,,,,,,
,,,,,,,,,,,,,,,,,,,,,
,,,,,,,,,,,,,,,,,,,,,
,,,,,,,,,,,,,,,,,,,,,
,,,,,,,,,,,,,,,,,,,,,
,,,,,,,,,,,,,,,,,,,,,
,,,,,,,,,,,,,,,,,,,,,
,,,,,,,,,,,,,,,,,,,,,
,,,,,,,,,,,,,,,,,,,,,
,,,,,,,,,,,,,,,,,,,,,
,,,,,,,,,,,,,,,,,,,,,
,,,,,,,,,,,,,,,,,,,,,
,,,,,,,,,,,,,,,,,,,,,
,,,,,,,,,,,,,,,,,,,,,
,,,,,,,,,,,,,,,,,,,,,
,,,,,,,,,,,,,,,,,,,,,
,,,,,,,,,,,,,,,,,,,,,
,,,,,,,,,,,,,,,,,,,,,
,,,,,,,,,,,,,,,,,,,,,
,,,,,,,,,,,,,,,,,,,,,
,,,,,,,,,,,,,,,,,,,,,
,,,,,,,,,,,,,,,,,,,,,
,,,,,,,,,,,,,,,,,,,,,
,,,,,,,,,,,,,,,,,,,,,
,,,,,,,,,,,,,,,,,,,,,
,,,,,,,,,,,,,,,,,,,,,
,,,,,,,,,,,,,,,,,,,,,
,,,,,,,,,,,,,,,,,,,,,
,,,,,,,,,,,,,,,,,,,,,
,,,,,,,,,,,,,,,,,,,,,
,,,,,,,,,,,,,,,,,,,,,
,,,,,,,,,,,,,,,,,,,,,
,,,,,,,,,,,,,,,,,,,,,
,,,,,,,,,,,,,,,,,,,,,
,,,,,,,,,,,,,,,,,,,,,
,,,,,,,,,,,,,,,,,,,,,
,,,,,,,,,,,,,,,,,,,,,
,,,,,,,,,,,,,,,,,,,,,
,,,,,,,,,,,,,,,,,,,,,
,,,,,,,,,,,,,,,,,,,,,
,,,,,,,,,,,,,,,,,,,,,
,,,,,,,,,,,,,,,,,,,,,
,,,,,,,,,,,,,,,,,,,,,
,,,,,,,,,,,,,,,,,,,,,
,,,,,,,,,,,,,,,,,,,,,
,,,,,,,,,,,,,,,,,,,,,
,,,,,,,,,,,,,,,,,,,,,
,,,,,,,,,,,,,,,,,,,,,
,,,,,,,,,,,,,,,,,,,,,
,,,,,,,,,,,,,,,,,,,,,
,,,,,,,,,,,,,,,,,,,,,
,,,,,,,,,,,,,,,,,,,,,
,,,,,,,,,,,,,,,,,,,,,
,,,,,,,,,,,,,,,,,,,,,
,,,,,,,,,,,,,,,,,,,,,
,,,,,,,,,,,,,,,,,,,,,
,,,,,,,,,,,,,,,,,,,,,
,,,,,,,,,,,,,,,,,,,,,
,,,,,,,,,,,,,,,,,,,,,
,,,,,,,,,,,,,,,,,,,,,
,,,,,,,,,,,,,,,,,,,,,
,,,,,,,,,,,,,,,,,,,,,
,,,,,,,,,,,,,,,,,,,,,
,,,,,,,,,,,,,,,,,,,,,
,,,,,,,,,,,,,,,,,,,,,
,,,,,,,,,,,,,,,,,,,,,
,,,,,,,,,,,,,,,,,,,,,
,,,,,,,,,,,,,,,,,,,,,
,,,,,,,,,,,,,,,,,,,,,
,,,,,,,,,,,,,,,,,,,,,
,,,,,,,,,,,,,,,,,,,,,
,,,,,,,,,,,,,,,,,,,,,
,,,,,,,,,,,,,,,,,,,,,
,,,,,,,,,,,,,,,,,,,,,
,,,,,,,,,,,,,,,,,,,,,
,,,,,,,,,,,,,,,,,,,,,
,,,,,,,,,,,,,,,,,,,,,
,,,,,,,,,,,,,,,,,,,,,
,,,,,,,,,,,,,,,,,,,,,
,,,,,,,,,,,,,,,,,,,,,
,,,,,,,,,,,,,,,,,,,,,
,,,,,,,,,,,,,,,,,,,,,
,,,,,,,,,,,,,,,,,,,,,
,,,,,,,,,,,,,,,,,,,,,
,,,,,,,,,,,,,,,,,,,,,
,,,,,,,,,,,,,,,,,,,,,
,,,,,,,,,,,,,,,,,,,,,
,,,,,,,,,,,,,,,,,,,,,
,,,,,Son para buscar eventos y cosas para aprender sobre ello,,,,https://salutsexual.sidastudi.org/ca/,,,,,,,,,,,,
,,,,,Recomendacion sobre el problema del porno,,,https://www.ccma.cat/3cat/generacio-porno/,,,,,,,,,,,,,
,,,,,Recomendacion para saber el tipo de anticonceptivo ideal para ti,,,,https://decisionscompartides.gencat.cat/ca/decidir-sobre/anticoncepcio/quines_son_les_seves_preferencies/,,,,,,,,,,,,
,,,,,,,,,,,,,,,,,,,,,
,,,,,,https://decisionscompartides.gencat.cat/ca/decidir-sobre/anticoncepcio/opcions_tractaments/anticoncepcio_metodes_llarga_durada/implant_subdermic/,,,,,,,,,,,,,,,
,,,,,,https://decisionscompartides.gencat.cat/ca/decidir-sobre/anticoncepcio/opcions_tractaments/anticoncepcio_metodes_barrera/preservatiu_femeni/,,,,,,,,,,,,,,,
,,,,,,https://decisionscompartides.gencat.cat/ca/decidir-sobre/anticoncepcio/opcions_tractaments/anticoncepcio_metodes_llarga_durada/DIU_hormonal/,,,,,,,,,,,,,,,
,,,,,,https://decisionscompartides.gencat.cat/ca/decidir-sobre/anticoncepcio/opcions_tractaments/anticoncepcio_metodes_llarga_durada/DIU_no_hormonal/,,,,,,,,,,,,,,,
,,,,,,https://decisionscompartides.gencat.cat/ca/decidir-sobre/anticoncepcio/opcions_tractaments/anticoncepcio_metodes_irreversibles/vasectomia/,,,,,,,,,,,,,,,
,,,,,,https://decisionscompartides.gencat.cat/ca/decidir-sobre/anticoncepcio/opcions_tractaments/anticoncepcio_metodes_irreversibles/lligadura_trompes/,,,,,,,,,,,,,,,
,,,,,,https://decisionscompartides.gencat.cat/ca/decidir-sobre/anticoncepcio/opcions_tractaments/anticoncepcio_DIU_no_hormonal/anticoncepcio_emergencia/,,,,,,,,,,,,,,,
,,,,,,https://decisionscompartides.gencat.cat/ca/decidir-sobre/anticoncepcio/opcions_tractaments/anticoncepcio_DIU_no_hormonal/DIU_no_hormonal/,,,,,,,,,,,,,,,
,,,,,,https://decisionscompartides.gencat.cat/ca/decidir-sobre/anticoncepcio/opcions_tractaments/anticoncepcio_metodes_naturals/metode_ogino/,,,,,,,,,,,,,,,
,,,,,,https://decisionscompartides.gencat.cat/ca/decidir-sobre/anticoncepcio/opcions_tractaments/anticoncepcio_metodes_naturals/metode_lactancia/,,,,,,,,,,,,,,,
,,,,,,https://decisionscompartides.gencat.cat/ca/decidir-sobre/anticoncepcio/opcions_tractaments/anticoncepcio_metodes_naturals/metode_temperatura/,,,,,,,,,,,,,,,
,,,,,,https://decisionscompartides.gencat.cat/ca/decidir-sobre/anticoncepcio/opcions_tractaments/anticoncepcio_metodes_naturals/metode_ciclotermic/,,,,,,,,,,,,,,,
,,,,,,https://decisionscompartides.gencat.cat/ca/decidir-sobre/anticoncepcio/opcions_tractaments/anticoncepcio_metodes_naturals/metode_mucotermic/,,,,,,,,,,,,,,,
,,,,,,https://decisionscompartides.gencat.cat/ca/decidir-sobre/anticoncepcio/opcions_tractaments/anticoncepcio_metodes_barrera/diafragma/,,,,,,,,,,,,,,,
,,,,,,https://decisionscompartides.gencat.cat/ca/decidir-sobre/anticoncepcio/opcions_tractaments/anticoncepcio_metodes_barrera/caputxo_cervical/,,,,,,,,,,,,,,,
,,,,,,https://decisionscompartides.gencat.cat/ca/decidir-sobre/anticoncepcio/opcions_tractaments/anticoncepcio_metodes_barrera/esponja_vaginal/,,,,,,,,,,,,,,,
,,,,,,https://decisionscompartides.gencat.cat/ca/decidir-sobre/anticoncepcio/opcions_tractaments/anticoncepcio_metodes_hormonals/anticonceptius_orals_combinats/,,,,,,,,,,,,,,,
,,,,,,https://decisionscompartides.gencat.cat/ca/decidir-sobre/anticoncepcio/opcions_tractaments/anticoncepcio_metodes_hormonals/pegat_anticonceptiu/,,,,,,,,,,,,,,,
,,,,,,https://decisionscompartides.gencat.cat/ca/decidir-sobre/anticoncepcio/opcions_tractaments/anticoncepcio_metodes_hormonals/anella_vaginal/,,,,,,,,,,,,,,,
,,,,,,https://decisionscompartides.gencat.cat/ca/decidir-sobre/anticoncepcio/opcions_tractaments/anticoncepcio_metodes_hormonals/minipindola/,,,,,,,,,,,,,,,
,,,,,,https://decisionscompartides.gencat.cat/ca/decidir-sobre/anticoncepcio/opcions_tractaments/anticoncepcio_metodes_hormonals/anella_vaginal_progestagens/,,,,,,,,,,,,,,,
,,,,,,https://decisionscompartides.gencat.cat/ca/decidir-sobre/anticoncepcio/opcions_tractaments/anticoncepcio_metodes_hormonals/anticonceptius_injectable/,,,,,,,,,,,,,,,
,,,,,,https://decisionscompartides.gencat.cat/ca/decidir-sobre/anticoncepcio/opcions_tractaments/anticoncepcio_metodes_hormonals/implant_subdermic/,,,,,,,,,,,,,,,
,,,,,,https://decisionscompartides.gencat.cat/ca/decidir-sobre/anticoncepcio/opcions_tractaments/anticoncepcio_metodes_hormonals/DIU_hormonal/,,,,,,,,,,,,,,,
,,,,,,https://decisionscompartides.gencat.cat/ca/decidir-sobre/anticoncepcio/opcions_tractaments/anticoncepcio_metodes_hormonals/anticoncepcio_emergencia/,,,,,,,,,,,,,,,
,,,,,,https://decisionscompartides.gencat.cat/ca/decidir-sobre/anticoncepcio/opcions_tractaments/anticoncepcio_metodes_naturals/metode_simptotermic/,,,,,,,,,,,,,,,
,,,,,,https://decisionscompartides.gencat.cat/ca/decidir-sobre/anticoncepcio/opcions_tractaments/anticoncepcio_metodes_naturals/metode_billings/,,,,,,,,,,,,,,,